{"cameraMode":{"drawMode":0,"name":"Shaded","section":"Shading Mode"},"sceneLighting":true,"audioPlay":false,"sceneViewState":{"showFog":true,"showMaterialUpdate":true,"showSkybox":true,"showFlares":true,"showImageEffects":true,"showParticleSystems":true},"in2DMode":false,"pivot":{"x":0.94278883934021,"y":0.650390625,"z":-0.3605206310749054},"rotation":{"x":0.15886200964450837,"y":-0.3222285807132721,"z":0.05494707077741623,"w":0.9316184520721436},"size":7.15078592300415,"orthographic":true}